Workbook

Sheet 직원정보
A1: 직원 이름 | B1: 주소 | C1: 전화번호 | D1: 나이 | E1: 입사 일자 | F1: 팀 | G1: 직위 | H1: 직책 | I1: 연봉(만원)
A2: 한지민 | B2: 서울특별시 서대문구 신촌동 33 | C2: 010-2222-3333 | D2: 44 | E2: 40073 | F2: 마케팅팀 | G2: 차장 | H2: 팀장 | I2: 11500
A3: 박혜진 | B3: 서울특별시 성동구 성수동 77 | C3: 010-3333-4444 | D3: 38 | E3: 41430 | F3: 마케팅팀 | G3: 과장 | I3: 6700
A4: 최유정 | B4: 서울특별시 강북구 수유동 51 | C4: 010-5555-6666 | D4: 29 | E4: 44027 | F4: 마케팅팀 | G4: 대리 | I4: 4900
A5: 임동현 | B5: 경기도 고양시 일산동구 백석동 21 | C5: 010-4444-5555 | D5: 26 | E5: 44613 | F5: 마케팅팀 | G5: 사원 | I5: 3400
A6: 김지훈 | B6: 서울특별시 강남구 논현동 15 | C6: 010-1234-5678 | D6: 48 | E6: 38426 | F6: 영업팀 | G6: 부장 | H6: 팀장 | I6: 12000
A7: 한예린 | B7: 서울특별시 서초구 반포동 88 | C7: 010-4567-8901 | D7: 36 | E7: 41905 | F7: 영업팀 | G7: 과장 | I7: 6000
A8: 이민서 | B8: 서울특별시 송파구 잠실동 20 | C8: 010-2345-6789 | D8: 30 | E8: 43282 | F8: 영업팀 | G8: 대리 | I8: 4800
A9: 박준호 | B9: 경기도 성남시 분당구 정자동 7 | C9: 010-3456-7890 | D9: 26 | E9: 44571 | F9: 영업팀 | G9: 사원 | I9: 3600
A10: 최승현 | B10: 서울특별시 중구 을지로 25 | C10: 010-5678-9012 | D10: 45 | E10: 39757 | F10: 기획팀 | G10: 차장 | H10: 팀장 | I10: 11000
A11: 한상우 | B11: 경기도 용인시 기흥구 구성동 10 | C11: 010-0000-1111 | D11: 34 | E11: 42606 | F11: 기획팀 | G11: 과장 | I11: 6900
A12: 강수진 | B12: 경기도 수원시 영통구 영통동 99 | C12: 010-6789-0123 | D12: 31 | E12: 43542 | F12: 기획팀 | G12: 대리 | I12: 5100
A13: 장우진 | B13: 서울특별시 마포구 상암동 55 | C13: 010-7890-1234 | D13: 27 | E13: 44410 | F13: 기획팀 | G13: 사원 | I13: 3400
A14: 정승원 | B14: 서울특별시 양천구 목동 5 | C14: 010-6666-7777 | D14: 49 | E14: 37679 | F14: 연구팀 | G14: 부장 | H14: 팀장 | I14: 14500
A15: 박세연 | B15: 경기도 화성시 동탄동 60 | C15: 010-7777-8888 | D15: 37 | E15: 41242 | F15: 연구팀 | G15: 과장 | I15: 7500
A16: 이준서 | B16: 서울특별시 영등포구 여의도동 1 | C16: 010-8888-9999 | D16: 30 | E16: 43385 | F16: 연구팀 | G16: 대리 | I16: 5800
A17: 송지아 | B17: 서울특별시 은평구 응암동 3 | C17: 010-9999-0000 | D17: 27 | E17: 44719 | F17: 연구팀 | G17: 사원 | I17: 4300
A18: 김하은 | B18: 서울특별시 관악구 신림동 44 | C18: 010-8901-2345 | D18: 47 | E18: 38127 | F18: 개발팀 | G18: 부장 | H18: 팀장 | I18: 14000
A19: 박도현 | B19: 서울특별시 용산구 한남동 101 | C19: 010-9012-3456 | D19: 35 | E19: 42352 | F19: 개발팀 | G19: 과장 | I19: 7300
A20: 이수아 | B20: 경기도 안양시 동안구 평촌동 8 | C20: 010-0123-4567 | D20: 32 | E20: 43220 | F20: 개발팀 | G20: 대리 | I20: 6000
A21: 윤재혁 | B21: 서울특별시 강서구 화곡동 12 | C21: 010-1111-2222 | D21: 28 | E21: 44326 | F21: 개발팀 | G21: 사원 | I21: 4500

Sheet 복지몰 구매내역
A1: 직원 이름 | B1: 구매 일시 | C1: 상품명 | D1: 수량 | E1: 주소 | F1: 전화번호
A2: 박준호 | B2: 2024-01-01 13:38 | C2: 토너 | D2: 1 | E2: =VLOOKUP(A2,직원정보!$A$1:$I$21,2,FALSE) -> 경기도 성남시 분당구 정자동 7 | F2: =VLOOKUP(A2,'직원 정보'!$A$1:$I$21,MATCH('복지몰 구매내역'!F1,'직원정보'
A3: 송지아 | B3: 2024-01-03 12:30 | C3: 바디로션 | D3: 1 | E3: =VLOOKUP(A3,직원정보!$A$1:$I$21,2,FALSE) -> 서울특별시 은평구 응암동 3
A4: 김지훈 | B4: 2024-01-06 08:55 | C4: 립밤 | D4: 3 | E4: =VLOOKUP(A4,직원정보!$A$1:$I$21,2,FALSE) -> 서울특별시 강남구 논현동 15
A5: 김하은 | B5: 2024-01-10 05:04 | C5: 마스카라 | D5: 3 | E5: =VLOOKUP(A5,직원정보!$A$1:$I$21,2,FALSE) -> 서울특별시 관악구 신림동 44
A6: 박세연 | B6: 2024-01-10 07:50 | C6: 립틴트 | D6: 1 | E6: =VLOOKUP(A6,직원정보!$A$1:$I$21,2,FALSE) -> 경기도 화성시 동탄동 60
A7: 한예린 | B7: 2024-01-11 19:54 | C7: 토너 | D7: 3 | E7: =VLOOKUP(A7,직원정보!$A$1:$I$21,2,FALSE) -> 서울특별시 서초구 반포동 88
A8: 정승원 | B8: 2024-01-12 06:24 | C8: 토너 | D8: 1 | E8: =VLOOKUP(A8,직원정보!$A$1:$I$21,2,FALSE) -> 서울특별시 양천구 목동 5
A9: 이준서 | B9: 2024-01-13 18:36 | C9: 립스틱 | D9: 1 | E9: =VLOOKUP(A9,직원정보!$A$1:$I$21,2,FALSE) -> 서울특별시 영등포구 여의도동 1
A10: 최승현 | B10: 2024-01-15 10:08 | C10: 에센스 | D10: 3 | E10: =VLOOKUP(A10,직원정보!$A$1:$I$21,2,FALSE) -> 서울특별시 중구 을지로 25
A11: 김하은 | B11: 2024-01-16 04:45 | C11: 아이섀도우 | D11: 2 | E11: =VLOOKUP(A11,직원정보!$A$1:$I$21,2,FALSE) -> 서울특별시 관악구 신림동 44
A12: 정승원 | B12: 2024-01-16 22:15 | C12: 립틴트 | D12: 1 | E12: =VLOOKUP(A12,직원정보!$A$1:$I$21,2,FALSE) -> 서울특별시 양천구 목동 5
A13: 한예린 | B13: 2024-01-18 14:32 | C13: 스킨로션 | D13: 1 | E13: =VLOOKUP(A13,직원정보!$A$1:$I$21,2,FALSE) -> 서울특별시 서초구 반포동 88
A14: 박준호 | B14: 2024-01-19 02:55 | C14: 마스카라 | D14: 2 | E14: =VLOOKUP(A14,직원정보!$A$1:$I$21,2,FALSE) -> 경기도 성남시 분당구 정자동 7
... A55: 최승현 | B55: 2024-03-28 22:04 | C55: 립스틱 | D55: 1 | E55: =VLOOKUP(A55,직원정보!$A$1:$I$21,2,FALSE) -> 서울특별시 중구 을지로 25
B58: VLOOKUP(조회 대상, 탐색 범위, 조회할 값이 포함된 열 번호, 검사 기준) :다른 테이블에 있는 정보를 가져와 연결해주는 함수 탐색 범위: '시트명'!절대참조 검사 기준: TRUE: 유사 일치 / FALSE: 정확히 일치 MATCH(찾는 대상, 탐색 범위, 검사 기준) =MATCH(E1,'직원 정보!A1:I1,0) 검사 기준: -1: 찾는 대상보다 크거나 같은 값 중 최솟값을 반환/ 0: 정확히 일치하는 값을 반환 1: 찾는 대상보다 작거나 같은 값 중 최댓값을 반환
